"RK",TIERS,"PLAYER NAME",TEAM,"POS","BYE WEEK","SOS SEASON","ECR VS. ADP","AVG. DIFF ","% OVER "
"1",1,"Ja'Marr Chase",CIN,"WR1","10","3 out of 5 stars","0","+4.1","56% (9/16)"
"2",1,"Bijan Robinson",ATL,"RB1","5","4 out of 5 stars","0","+0.7","56% (9/16)"
"3",1,"Jahmyr Gibbs",DET,"RB2","8","2 out of 5 stars","+1","+2.9","68% (11/16)"
"4",1,"Saquon Barkley",PHI,"RB3","9","3 out of 5 stars","-1","+3.8","50% (8/16)"
"5",1,"CeeDee Lamb",DAL,"WR2","10","2 out of 5 stars","+1","-0.4","46% (7/15)"
"6",1,"Justin Jefferson",MIN,"WR3","6","2 out of 5 stars","-1","+0.7","50% (8/16)"
"7",2,"Malik Nabers",NYG,"WR4","14","2 out of 5 stars","+4","+1.8","42% (6/14)"
"8",2,"Nico Collins",HOU,"WR5","6","4 out of 5 stars","+4","+0.9","63% (7/11)"
"9",2,"Amon-Ra St. Brown",DET,"WR6","8","3 out of 5 stars","0","+1.0","62% (10/16)"
"10",2,"Christian McCaffrey",SF,"RB4","14","3 out of 5 stars","-3","-8.2","0% (0/4)"
"11",2,"Derrick Henry",BAL,"RB5","7","4 out of 5 stars","-3","+2.8","56% (9/16)"
"12",2,"Puka Nacua",LAR,"WR7","8","3 out of 5 stars","+1","+1.4","54% (6/11)"
"13",2,"Brian Thomas Jr.",JAC,"WR8","8","4 out of 5 stars","+2","+3.7","75% (12/16)"
"14",2,"Ashton Jeanty",LV,"RB6","8","2 out of 5 stars","-4","-","-"
"15",2,"Drake London",ATL,"WR9","5","3 out of 5 stars","+2","-0.3","56% (9/16)"
"16",3,"De'Von Achane",MIA,"RB7","12","4 out of 5 stars","-2","-0.2","50% (8/16)"
"17",3,"A.J. Brown",PHI,"WR10","9","3 out of 5 stars","+4","+0.8","53% (7/13)"
"18",3,"Brock Bowers",LV,"TE1","8","2 out of 5 stars","+2","+1.4","56% (9/16)"
"19",3,"Jonathan Taylor",IND,"RB8","11","2 out of 5 stars","-1","+1.3","46% (6/13)"
"20",3,"Josh Jacobs",GB,"RB9","5","4 out of 5 stars","-4","+1.9","50% (8/16)"
"21",3,"Bucky Irving",TB,"RB10","9","3 out of 5 stars","-2","+2.8","75% (12/16)"
"22",3,"Chase Brown",CIN,"RB11","10","4 out of 5 stars","+2","+2.3","62% (10/16)"
"23",3,"Trey McBride",ARI,"TE2","8","5 out of 5 stars","+4","+1.3","53% (8/15)"
"24",3,"Ladd McConkey",LAC,"WR11","12","3 out of 5 stars","+2","+2.0","53% (8/15)"
"25",3,"Josh Allen",BUF,"QB1","7","4 out of 5 stars","-2","+2.0","56% (9/16)"
"26",3,"Kyren Williams",LAR,"RB12","8","3 out of 5 stars","-1","-0.1","43% (7/16)"
"27",3,"Lamar Jackson",BAL,"QB2","7","3 out of 5 stars","-5","+3.6","75% (12/16)"
"28",4,"Jaxon Smith-Njigba",SEA,"WR12","8","3 out of 5 stars","+4","+1.6","50% (8/16)"
"29",4,"Tee Higgins",CIN,"WR13","10","3 out of 5 stars","+2","+4.0","63% (7/11)"
"30",4,"George Kittle",SF,"TE3","14","3 out of 5 stars","+6","+2.9","78% (11/14)"
"31",4,"Tyreek Hill",MIA,"WR14","12","3 out of 5 stars","-2","-2.1","31% (5/16)"
"32",4,"Jayden Daniels",WAS,"QB3","12","2 out of 5 stars","-4","+2.0","56% (9/16)"
"33",4,"Mike Evans",TB,"WR15","9","3 out of 5 stars","+8","+1.5","46% (6/13)"
"34",4,"Garrett Wilson",NYJ,"WR16","9","4 out of 5 stars","+4","+0.1","43% (7/16)"
"35",4,"James Cook",BUF,"RB13","7","4 out of 5 stars","-5","+2.1","60% (9/15)"
"36",4,"Davante Adams",LAR,"WR17","8","3 out of 5 stars","+9","+1.3","46% (6/13)"
"37",4,"Jalen Hurts",PHI,"QB4","9","3 out of 5 stars","-2","0.0","53% (8/15)"
"38",4,"Omarion Hampton",LAC,"RB14","12","2 out of 5 stars","-5","-","-"
"39",4,"Kenneth Walker III",SEA,"RB15","8","3 out of 5 stars","+3","+0.2","36% (4/11)"
"40",4,"Marvin Harrison Jr.",ARI,"WR18","8","4 out of 5 stars","-1","-1.6","37% (6/16)"
"41",4,"Alvin Kamara",NO,"RB16","11","4 out of 5 stars","-1","-0.1","35% (5/14)"
"42",4,"Terry McLaurin",WAS,"WR19","12","3 out of 5 stars","+2","+1.8","75% (12/16)"
"43",5,"Breece Hall",NYJ,"RB17","9","5 out of 5 stars","-9","-2.6","26% (4/15)"
"44",5,"DJ Moore",CHI,"WR20","5","2 out of 5 stars","+4","-0.2","31% (5/16)"
"45",5,"Joe Burrow",CIN,"QB5","10","2 out of 5 stars","-8","+3.9","68% (11/16)"
"46",5,"DK Metcalf",PIT,"WR21","5","4 out of 5 stars","+1","-1.7","28% (4/14)"
"47",5,"Courtland Sutton",DEN,"WR22","12","3 out of 5 stars","+4","+1.1","62% (10/16)"
"48",5,"Chuba Hubbard",CAR,"RB18","14","3 out of 5 stars","-5","+2.1","53% (8/15)"
"49",5,"TreVeyon Henderson",NE,"RB19","14","4 out of 5 stars","0","-","-"
"50",5,"James Conner",ARI,"RB20","8","3 out of 5 stars","-4","+0.4","62% (10/16)"
"51",5,"DeVonta Smith",PHI,"WR23","9","3 out of 5 stars","+3","+1.7","53% (7/13)"
"52",5,"Tetairoa McMillan",CAR,"WR24","14","4 out of 5 stars","+11","-","-"
"53",5,"Jameson Williams",DET,"WR25","8","3 out of 5 stars","+12","+2.6","60% (9/15)"
"54",5,"Xavier Worthy",KC,"WR26","10","3 out of 5 stars","+2","+0.7","50% (8/16)"
"55",5,"Calvin Ridley",TEN,"WR27","10","4 out of 5 stars","+13","-0.4","37% (6/16)"
"56",5,"George Pickens",DAL,"WR28","10","2 out of 5 stars","+5","-1.2","30% (4/13)"
"57",5,"Zay Flowers",BAL,"WR29","7","3 out of 5 stars","+7","-1.4","37% (6/16)"
"58",5,"D'Andre Swift",CHI,"RB21","5","3 out of 5 stars","+2","-1.3","31% (5/16)"
"59",5,"David Montgomery",DET,"RB22","8","2 out of 5 stars","-6","+1.9","71% (10/14)"
"60",5,"Tony Pollard",TEN,"RB23","10","2 out of 5 stars","-2","-1.5","40% (6/15)"
"61",5,"RJ Harvey",DEN,"RB24","12","2 out of 5 stars","-9","-","-"
"62",5,"Jaylen Waddle",MIA,"WR30","12","3 out of 5 stars","+10","-1.3","21% (3/14)"
"63",5,"Isiah Pacheco",KC,"RB25","10","2 out of 5 stars","-4","-3.7","14% (1/7)"
"64",5,"Sam LaPorta",DET,"TE4","8","3 out of 5 stars","-9","+0.3","46% (7/15)"
"65",6,"Aaron Jones Sr.",MIN,"RB26","6","3 out of 5 stars","+2","-0.7","43% (7/16)"
"66",6,"Patrick Mahomes II",KC,"QB6","10","3 out of 5 stars","-16","+0.1","37% (6/16)"
"67",6,"T.J. Hockenson",MIN,"TE5","6","3 out of 5 stars","-1","-1.3","33% (3/9)"
"68",6,"Travis Hunter",JAC,"WR31","8","4 out of 5 stars","+5","-","-"
"69",6,"Chris Olave",NO,"WR32","11","4 out of 5 stars","+7","-3.5","30% (3/10)"
"70",6,"Baker Mayfield",TB,"QB7","9","2 out of 5 stars","-1","+5.0","81% (13/16)"
"71",6,"Rashee Rice",KC,"WR33","10","3 out of 5 stars","-14","-0.7","75% (3/4)"
"72",6,"Rome Odunze",CHI,"WR34","5","2 out of 5 stars","+7","-0.9","25% (4/16)"
"73",6,"Bo Nix",DEN,"QB8","12","4 out of 5 stars","+1","+2.0","62% (10/16)"
"74",6,"Tyrone Tracy Jr.",NYG,"RB27","14","3 out of 5 stars","+4","+0.1","50% (8/16)"
"75",6,"Jerry Jeudy",CLE,"WR35","9","2 out of 5 stars","+2","+2.5","68% (11/16)"
"76",6,"Kaleb Johnson",PIT,"RB28","5","4 out of 5 stars","-6","-","-"
"77",6,"Ricky Pearsall",SF,"WR36","14","4 out of 5 stars","+9","+1.0","40% (4/10)"
"78",6,"Jaylen Warren",PIT,"RB29","5","4 out of 5 stars","+2","-1.0","35% (5/14)"
"79",6,"Travis Kelce",KC,"TE6","10","3 out of 5 stars","-17","-1.9","37% (6/16)"
"80",6,"Mark Andrews",BAL,"TE7","7","3 out of 5 stars","-5","+1.8","62% (10/16)"
"81",6,"Kyler Murray",ARI,"QB9","8","4 out of 5 stars","+7","-1.1","50% (8/16)"
"82",6,"Emeka Egbuka",TB,"WR37","9","3 out of 5 stars","+10","-","-"
"83",6,"Stefon Diggs",NE,"WR38","14","3 out of 5 stars","+1","+0.2","50% (4/8)"
"84",6,"Jakobi Meyers",LV,"WR39","8","4 out of 5 stars","+1","+1.1","50% (7/14)"
"85",6,"Dak Prescott",DAL,"QB10","10","2 out of 5 stars","+11","-1.6","25% (2/8)"
"86",6,"David Njoku",CLE,"TE8","9","3 out of 5 stars","+3","+1.9","54% (6/11)"
"87",7,"Jordan Mason",MIN,"RB30","6","3 out of 5 stars","+3","-1.6","33% (4/12)"
"88",7,"Travis Etienne Jr.",JAC,"RB31","8","2 out of 5 stars","+3","-3.6","14% (2/14)"
"89",7,"Evan Engram",DEN,"TE9","12","3 out of 5 stars","-8","-1.8","22% (2/9)"
"90",7,"Jordan Addison",MIN,"WR40","6","2 out of 5 stars","-3","+3.5","50% (7/14)"
"91",7,"Deebo Samuel Sr.",WAS,"WR41","12","3 out of 5 stars","-9","-3.9","20% (3/15)"
"92",7,"Jauan Jennings",SF,"WR42","14","4 out of 5 stars","+9","+2.4","42% (6/14)"
"93",7,"Brock Purdy",SF,"QB11","14","4 out of 5 stars","+1","+0.6","53% (8/15)"
"94",7,"Zach Charbonnet",SEA,"RB32","8","3 out of 5 stars","+8","+1.0","43% (7/16)"
"95",7,"Justin Fields",NYJ,"QB12","9","5 out of 5 stars","+10","+0.9","46% (6/13)"
"96",7,"Tucker Kraft",GB,"TE10","5","2 out of 5 stars","+7","+1.6","56% (9/16)"
"97",7,"Javonte Williams",DAL,"RB33","10","2 out of 5 stars","+14","-2.1","25% (4/16)"
"98",7,"Justin Herbert",LAC,"QB13","12","3 out of 5 stars","+9","+0.2","50% (8/16)"
"99",7,"Khalil Shakir",BUF,"WR43","7","3 out of 5 stars","+9","-0.2","53% (8/15)"
"100",7,"Caleb Williams",CHI,"QB14","5","2 out of 5 stars","+10","-0.3","43% (7/16)"
"101",7,"Matthew Golden",GB,"WR44","5","2 out of 5 stars","-4","-","-"
"102",7,"Tyler Warren",IND,"TE11","11","3 out of 5 stars","+2","-","-"
"103",7,"Jayden Reed",GB,"WR45","5","2 out of 5 stars","+3","-0.3","37% (6/16)"
"104",7,"Drake Maye",NE,"QB15","14","5 out of 5 stars","+11","+1.4","58% (7/12)"
"105",7,"J.K. Dobbins",DEN,"RB34","12","2 out of 5 stars","-5","+1.0","50% (6/12)"
"106",7,"Jared Goff",DET,"QB16","8","2 out of 5 stars","-7","+4.0","56% (9/16)"
"107",7,"Joe Mixon",HOU,"RB35","6","2 out of 5 stars","-36","+0.4","46% (6/13)"
"108",7,"Josh Downs",IND,"WR46","11","4 out of 5 stars","+8","+1.2","46% (6/13)"
"109",7,"Rhamondre Stevenson",NE,"RB36","14","4 out of 5 stars","+3","-1.1","40% (6/15)"
"110",7,"Chris Godwin Jr.",TB,"WR47","9","3 out of 5 stars","-12","+3.5","57% (4/7)"
"111",7,"Cooper Kupp",SEA,"WR48","8","3 out of 5 stars","-16","-1.1","50% (6/12)"
"112",7,"Tank Bigsby",JAC,"RB37","8","2 out of 5 stars","+1","+0.6","40% (6/15)"
"113",7,"Michael Pittman Jr.",IND,"WR49","11","4 out of 5 stars","+7","-1.5","40% (6/15)"
"114",7,"Jordan Love",GB,"QB17","5","2 out of 5 stars","+18","+0.1","42% (6/14)"
"115",7,"Jacory Croskey-Merritt",WAS,"RB38","12","2 out of 5 stars","+21","-","-"
"116",7,"Trevor Lawrence",JAC,"QB18","8","3 out of 5 stars","+41","-0.8","40% (4/10)"
"117",7,"Cam Skattebo",NYG,"RB39","14","3 out of 5 stars","-8","-","-"
"118",7,"Austin Ekeler",WAS,"RB40","12","2 out of 5 stars","+8","-0.1","54% (6/11)"
"119",7,"C.J. Stroud",HOU,"QB19","6","3 out of 5 stars","+3","-3.0","25% (4/16)"
"120",7,"Jake Ferguson",DAL,"TE12","10","2 out of 5 stars","+1","-2.6","30% (4/13)"
"121",8,"Darnell Mooney",ATL,"WR50","5","3 out of 5 stars","+25","+0.6","50% (8/16)"
"122",8,"J.J. McCarthy",MIN,"QB20","6","2 out of 5 stars","+12","-","-"
"123",8,"Keon Coleman",BUF,"WR51","7","3 out of 5 stars","+7","-0.6","46% (6/13)"
"124",8,"Dalton Kincaid",BUF,"TE13","7","3 out of 5 stars","-6","-2.4","23% (3/13)"
"125",8,"Braelon Allen",NYJ,"RB41","9","5 out of 5 stars","-2","-1.0","18% (3/16)"
"126",8,"Quinshon Judkins",CLE,"RB42","9","4 out of 5 stars","-33","-","-"
"127",8,"Dallas Goedert",PHI,"TE14","9","3 out of 5 stars","+10","-0.1","44% (4/9)"
"128",8,"Colston Loveland",CHI,"TE15","5","4 out of 5 stars","-14","-","-"
"129",8,"Tyjae Spears",TEN,"RB43","10","2 out of 5 stars","+6","+0.6","41% (5/12)"
"130",8,"Rashid Shaheed",NO,"WR52","11","4 out of 5 stars","+18","+2.2","66% (4/6)"
"131",8,"Rachaad White",TB,"RB44","9","3 out of 5 stars","+13","+0.7","46% (7/15)"
"132",8,"Brandon Aiyuk",SF,"WR53","14","4 out of 5 stars","+6","-4.9","14% (1/7)"
"133",8,"Ray Davis",BUF,"RB45","7","4 out of 5 stars","+19","+1.5","43% (7/16)"
"134",8,"Najee Harris",LAC,"RB46","12","2 out of 5 stars","-17","-1.1","37% (6/16)"
"135",8,"Trey Benson",ARI,"RB47","8","3 out of 5 stars","+8","-0.7","28% (4/14)"
"136",8,"Christian Kirk",HOU,"WR54","6","4 out of 5 stars","+29","-2.1","37% (3/8)"
"137",8,"Kyle Pitts Sr.",ATL,"TE16","5","3 out of 5 stars","-8","-1.1","37% (6/16)"
"138",8,"Jaydon Blue",DAL,"RB48","10","2 out of 5 stars","-7","-","-"
"139",8,"Tua Tagovailoa",MIA,"QB21","12","5 out of 5 stars","+19","+1.0","54% (6/11)"
"140",8,"Brian Robinson Jr.",SF,"RB49","14","3 out of 5 stars","-57","-0.6","53% (7/13)"
"141",8,"Bryce Young",CAR,"QB22","14","3 out of 5 stars","+29","+1.5","50% (6/12)"
"142",8,"Rashod Bateman",BAL,"WR55","7","3 out of 5 stars","+33","+1.7","50% (8/16)"
"143",8,"Tyler Allgeier",ATL,"RB50","5","4 out of 5 stars","+23","-0.4","31% (5/16)"
"144",8,"Luther Burden III",CHI,"WR56","5","2 out of 5 stars","+5","-","-"
"145",8,"Marvin Mims Jr.",DEN,"WR57","12","3 out of 5 stars","+11","+2.0","50% (8/16)"
"146",8,"Nick Chubb",HOU,"RB51","6","2 out of 5 stars","-18","-2.0","37% (3/8)"
"147",8,"Cedric Tillman",CLE,"WR58","9","2 out of 5 stars","+60","+1.0","27% (3/11)"
"148",8,"Hunter Henry",NE,"TE17","14","3 out of 5 stars","+5","-0.6","43% (7/16)"
"149",8,"Bhayshul Tuten",JAC,"RB52","8","2 out of 5 stars","-8","-","-"
"150",8,"Jerome Ford",CLE,"RB53","9","4 out of 5 stars","-3","-1.0","42% (6/14)"
"151",8,"Michael Penix Jr.",ATL,"QB23","5","4 out of 5 stars","+9","-0.9","18% (2/11)"
"152",8,"Jayden Higgins",HOU,"WR59","6","4 out of 5 stars","-10","-","-"
"153",8,"Dylan Sampson",CLE,"RB54","9","4 out of 5 stars","+11","-","-"
"154",8,"Zach Ertz",WAS,"TE18","12","3 out of 5 stars","+7","+1.4","56% (9/16)"
"155",8,"Geno Smith",LV,"QB24","8","3 out of 5 stars","+22","-0.8","43% (7/16)"
"156",8,"Matthew Stafford",LAR,"QB25","8","3 out of 5 stars","+23","-1.5","31% (5/16)"
"157",8,"Keenan Allen",LAC,"WR60","12","3 out of 5 stars","-12","+1.4","35% (5/14)"
"158",8,"Jonnu Smith",PIT,"TE19","5","3 out of 5 stars","-34","+3.5","62% (10/16)"
"159",9,"Romeo Doubs",GB,"WR61","5","2 out of 5 stars","+68","+0.4","38% (5/13)"
"160",9,"Rico Dowdle",CAR,"RB55","14","3 out of 5 stars","-1","0.0","37% (6/16)"
"161",9,"Wan'Dale Robinson",NYG,"WR62","14","2 out of 5 stars","+56","-0.3","43% (7/16)"
"162",9,"Marquise Brown",KC,"WR63","10","3 out of 5 stars","+11","+1.7","50% (1/2)"
"163",9,"Isaac Guerendo",SF,"RB56","14","3 out of 5 stars","-12","+1.7","33% (5/15)"
"164",9,"DeMario Douglas",NE,"WR64","14","3 out of 5 stars","+49","-0.6","37% (6/16)"
"165",9,"Joshua Palmer",BUF,"WR65","7","3 out of 5 stars","+43","-1.2","26% (4/15)"
"166",9,"Adam Thielen",CAR,"WR66","14","4 out of 5 stars","+8","+3.3","55% (5/9)"
"167",9,"Brenton Strange",JAC,"TE20","8","3 out of 5 stars","+19","-","-"
"168",9,"Cam Ward",TEN,"QB26","10","2 out of 5 stars","-14","-","-"
"169",9,"Tre' Harris",LAC,"WR67","12","3 out of 5 stars","-6","-","-"
"170",9,"Jaylen Wright",MIA,"RB57","12","4 out of 5 stars","-3","-0.9","26% (4/15)"
"171",9,"Kyle Williams",NE,"WR68","14","3 out of 5 stars","+11","-","-"
"172",9,"Sam Darnold",SEA,"QB27","8","4 out of 5 stars","+4","+2.4","75% (12/16)"
"173",9,"Denver Broncos",DEN,"DST1","12","4 out of 5 stars","-48","+1.6","50% (8/16)"
"174",9,"Xavier Legette",CAR,"WR69","14","4 out of 5 stars","+44","-1.0","40% (6/15)"
"175",9,"Roschon Johnson",CHI,"RB58","5","3 out of 5 stars","+57","+0.3","42% (6/14)"
"176",9,"Blake Corum",LAR,"RB59","8","3 out of 5 stars","+16","-1.3","31% (5/16)"
"177",9,"Philadelphia Eagles",PHI,"DST2","9","2 out of 5 stars","-50","-0.1","56% (9/16)"
"178",9,"Quentin Johnston",LAC,"WR70","12","3 out of 5 stars","+72","+0.5","50% (7/14)"
"179",9,"Isaiah Likely",BAL,"TE21","7","3 out of 5 stars","+10","+0.7","46% (7/15)"
"180",9,"Chig Okonkwo",TEN,"TE22","10","3 out of 5 stars","+7","+0.7","43% (7/16)"
"181",9,"Pittsburgh Steelers",PIT,"DST3","5","3 out of 5 stars","-42","+0.1","50% (8/16)"
"182",9,"Baltimore Ravens",BAL,"DST4","7","3 out of 5 stars","-32","-1.2","25% (4/16)"
"183",9,"Minnesota Vikings",MIN,"DST5","6","2 out of 5 stars","-28","+0.8","50% (8/16)"
"184",9,"Ollie Gordon II",MIA,"RB60","12","4 out of 5 stars","+26","-","-"
"185",9,"Pat Freiermuth",PIT,"TE23","5","3 out of 5 stars","+13","+0.9","50% (8/16)"
"186",9,"Cade Otton",TB,"TE24","9","3 out of 5 stars","-1","+0.3","50% (7/14)"
"187",9,"Mike Gesicki",CIN,"TE25","10","2 out of 5 stars","+12","+0.3","37% (6/16)"
"188",9,"DeAndre Hopkins",BAL,"WR71","7","3 out of 5 stars","-20","-1.0","31% (5/16)"
"189",9,"Houston Texans",HOU,"DST6","6","2 out of 5 stars","-18","+0.1","37% (6/16)"
"190",9,"Buffalo Bills",BUF,"DST7","7","5 out of 5 stars","+7","-0.3","37% (6/16)"
"191",9,"Jalen Coker",CAR,"WR72","14","4 out of 5 stars","+102","+1.9","44% (4/9)"
"192",9,"Kansas City Chiefs",KC,"DST8","10","1 out of 5 stars","-14","-0.8","31% (5/16)"
"193",9,"Brandon Aubrey",DAL,"K1","10","4 out of 5 stars","-74","+3.5","75% (12/16)"
"194",10,"Detroit Lions",DET,"DST9","8","1 out of 5 stars","-10","-0.4","37% (6/16)"
"195",10,"Alec Pierce",IND,"WR73","11","4 out of 5 stars","+48","+3.1","53% (8/15)"
"196",10,"Will Shipley",PHI,"RB61","9","3 out of 5 stars","+27","-0.1","11% (1/9)"
"197",10,"Kyle Monangai",CHI,"RB62","5","3 out of 5 stars","+17","-","-"
"198",10,"Mason Taylor",NYJ,"TE26","9","3 out of 5 stars","-5","-","-"
"199",10,"Aaron Rodgers",PIT,"QB28","5","4 out of 5 stars","-19","-0.3","50% (8/16)"
"200",10,"Cameron Dicker",LAC,"K2","12","5 out of 5 stars","-67","+2.6","68% (11/16)"
"201",10,"Jake Bates",DET,"K3","8","1 out of 5 stars","-61","+0.9","62% (10/16)"
"202",10,"Seattle Seahawks",SEA,"DST10","8","3 out of 5 stars","+22","+0.6","37% (6/16)"
"203",10,"Los Angeles Rams",LAR,"DST11","8","3 out of 5 stars","+9","+0.1","37% (6/16)"
"204",10,"MarShawn Lloyd",GB,"RB63","5","4 out of 5 stars","+48","-0.6","33% (1/3)"
"205",10,"DJ Giddens",IND,"RB64","11","2 out of 5 stars","+32","-","-"
"206",10,"Wil Lutz",DEN,"K4","12","5 out of 5 stars","-10","+2.1","50% (8/16)"
"207",10,"Kareem Hunt",KC,"RB65","10","2 out of 5 stars","-35","+0.7","53% (7/13)"
"208",10,"Green Bay Packers",GB,"DST12","5","2 out of 5 stars","+17","-0.6","37% (6/16)"
"209",10,"Justice Hill",BAL,"RB66","7","4 out of 5 stars","+13","+1.7","53% (8/15)"
"210",10,"Los Angeles Chargers",LAC,"DST13","12","5 out of 5 stars","+56","-0.8","43% (7/16)"
"211",10,"Ka'imi Fairbairn",HOU,"K5","6","3 out of 5 stars","-42","+2.4","75% (12/16)"
"212",10,"Chris Rodriguez Jr.",WAS,"RB67","12","2 out of 5 stars","+63","+2.5","42% (3/7)"
"213",10,"Chase McLaughlin",TB,"K6","9","3 out of 5 stars","-30","+1.7","56% (9/16)"
"214",10,"Woody Marks",HOU,"RB68","6","2 out of 5 stars","+1","-","-"
"215",10,"Darius Slayton",NYG,"WR74","14","2 out of 5 stars","+49","-0.5","33% (5/15)"
"216",10,"Michael Wilson",ARI,"WR75","8","4 out of 5 stars","+57","-0.1","50% (8/16)"
"217",10,"Daniel Jones",IND,"QB29","11","3 out of 5 stars","+34","-1.8","40% (4/10)"
"218",10,"Adonai Mitchell",IND,"WR76","11","4 out of 5 stars","+58","-2.5","18% (3/16)"
"219",10,"Harrison Butker",KC,"K7","10","3 out of 5 stars","-38","+0.1","58% (7/12)"
"220",10,"Kendre Miller",NO,"RB69","11","4 out of 5 stars","+43","-1.5","28% (2/7)"
"221",10,"Chris Boswell",PIT,"K8","5","1 out of 5 stars","-59","+3.5","62% (10/16)"
"222",10,"Dalton Schultz",HOU,"TE27","6","3 out of 5 stars","+18","-1.1","31% (5/16)"
"223",10,"San Francisco 49ers",SF,"DST14","14","5 out of 5 stars","-28","-2.0","25% (4/16)"
"224",10,"Miles Sanders",DAL,"RB70","10","2 out of 5 stars","+12","-1.5","20% (2/10)"
"225",10,"Elic Ayomanor",TEN,"WR77","10","4 out of 5 stars","+40","-","-"
"226",10,"Jack Bech",LV,"WR78","8","4 out of 5 stars","-10","-","-"
"227",10,"Tyler Bass",BUF,"K9","7","2 out of 5 stars","-23","+0.9","50% (8/16)"
"228",10,"Andrei Iosivas",CIN,"WR79","10","3 out of 5 stars","+42","+0.5","50% (8/16)"
"229",10,"New York Jets",NYJ,"DST15","9","5 out of 5 stars","-3","-3.7","12% (2/16)"
"230",10,"Jalen McMillan",TB,"WR80","9","3 out of 5 stars","-2","+1.6","46% (6/13)"
"231",10,"Keaton Mitchell",BAL,"RB71","7","4 out of 5 stars","0","-0.9","0% (0/3)"
"232",10,"Evan McPherson",CIN,"K10","10","1 out of 5 stars","-31","+0.1","50% (6/12)"
"233",10,"Pat Bryant",DEN,"WR81","12","3 out of 5 stars","+6","-","-"
"234",10,"Juwan Johnson",NO,"TE28","11","3 out of 5 stars","+40","-0.1","50% (8/16)"
"235",10,"Jaylin Noel",HOU,"WR82","6","4 out of 5 stars","+36","-","-"
"236",10,"Ja'Tavion Sanders",CAR,"TE29","14","4 out of 5 stars","+19","-0.2","46% (7/15)"
"237",10,"Tahj Brooks",CIN,"RB72","10","4 out of 5 stars","+7","-","-"
"238",10,"Jake Elliott",PHI,"K11","9","2 out of 5 stars","-33","+0.5","56% (9/16)"
"239",10,"Calvin Austin III",PIT,"WR83","5","4 out of 5 stars","+61","+1.6","43% (7/16)"
"240",10,"Anthony Richardson Sr.",IND,"QB30","11","3 out of 5 stars","-50","-1.4","30% (4/13)"
"241",10,"Elijah Arroyo",SEA,"TE30","8","4 out of 5 stars","-50","-","-"
"242",10,"Jarquez Hunter",LAR,"RB73","8","3 out of 5 stars","0","-","-"
"243",10,"Russell Wilson",NYG,"QB31","14","1 out of 5 stars","+3","+1.4","50% (5/10)"
"244",10,"Dontayvion Wicks",GB,"WR84","5","2 out of 5 stars","+60","-1.1","25% (4/16)"
"245",10,"Tyler Lockett",TEN,"WR85","10","4 out of 5 stars","+33","-2.0","31% (5/16)"
"246",10,"Jason Sanders",MIA,"K12","12","2 out of 5 stars","-1","+2.9","75% (12/16)"
"247",10,"Tampa Bay Buccaneers",TB,"DST16","9","3 out of 5 stars","-36","-1.5","31% (5/16)"
"248",10,"Jalen Royals",KC,"WR86","10","3 out of 5 stars","+24","-","-"
"249",10,"Sean Tucker",TB,"RB74","9","3 out of 5 stars","+32","+1.9","40% (6/15)"
"250",10,"Devin Neal",NO,"RB75","11","4 out of 5 stars","+34","-","-"
"251",10,"Brashard Smith",KC,"RB76","10","2 out of 5 stars","-3","-","-"
"252",10,"Dyami Brown",JAC,"WR87","8","4 out of 5 stars","+17","-0.3","40% (6/15)"
"253",10,"Dallas Cowboys",DAL,"DST17","10","0 out of 5 stars","-23","-2.1","25% (4/16)"
"254",10,"Roman Wilson",PIT,"WR88","5","4 out of 5 stars","+13","-","-"
"255",10,"Raheem Mostert",LV,"RB77","8","2 out of 5 stars","-1","-1.2","41% (5/12)"
"256",10,"Matt Gay",WAS,"K13","12","3 out of 5 stars","-37","+1.2","73% (11/15)"
"257",10,"Younghoe Koo",ATL,"K14","5","4 out of 5 stars","-51","+0.6","53% (8/15)"
"258",11,"Cole Kmet",CHI,"TE31","5","4 out of 5 stars","+19","+0.2","37% (6/16)"
"259",11,"Jaleel McLaughlin",DEN,"RB78","12","2 out of 5 stars","+53","-0.5","40% (6/15)"
"260",11,"Devaughn Vele",NO,"WR89","11","4 out of 5 stars","+108","+1.2","50% (6/12)"
"261",11,"Joe Flacco",CLE,"QB32","9","2 out of 5 stars","-3","-","-"
"262",11,"Tory Horton",SEA,"WR90","8","3 out of 5 stars","-1","-","-"
"263",11,"Elijah Mitchell",KC,"RB79","10","2 out of 5 stars","+5","-","-"
"264",11,"Dont'e Thornton Jr.",LV,"WR91","8","4 out of 5 stars","-43","-","-"
"265",11,"Trevor Etienne",CAR,"RB80","14","3 out of 5 stars","+14","-","-"
"266",11,"Dameon Pierce",HOU,"RB81","6","2 out of 5 stars","+33","-0.3","20% (2/10)"
"267",11,"Kenneth Gainwell",PIT,"RB82","5","4 out of 5 stars","+87","-0.2","50% (8/16)"
"268",11,"Ty Johnson",BUF,"RB83","7","4 out of 5 stars","+54","+2.5","62% (10/16)"
"269",11,"Theo Johnson",NYG,"TE32","14","2 out of 5 stars","+11","0.0","41% (5/12)"
"270",11,"Jalen Tolbert",DAL,"WR92","10","2 out of 5 stars","+36","+1.4","56% (9/16)"
"271",11,"Joshua Karty",LAR,"K15","8","2 out of 5 stars","-9","+0.2","56% (9/16)"
"272",11,"Brandin Cooks",NO,"WR93","11","4 out of 5 stars","+60","-1.0","18% (2/11)"
"273",11,"Devin Singletary",NYG,"RB84","14","3 out of 5 stars","+38","-1.3","35% (5/14)"
"274",11,"Kayshon Boutte",NE,"WR94","14","3 out of 5 stars","+27","+1.2","53% (8/15)"
"275",11,"Diontae Johnson",CLE,"WR95","9","2 out of 5 stars","+40","-2.5","23% (3/13)"
"276",11,"Elijah Moore",BUF,"WR96","7","3 out of 5 stars","+84","-1.0","31% (5/16)"
"277",11,"Malik Washington",MIA,"WR97","12","3 out of 5 stars","+32","+0.4","45% (5/11)"
"278",11,"Noah Gray",KC,"TE33","10","3 out of 5 stars","+5","+2.1","68% (11/16)"
"279",11,"Isaac TeSlaa",DET,"WR98","8","3 out of 5 stars","-41","-","-"
"280",11,"Nick Westbrook-Ikhine",MIA,"WR99","12","3 out of 5 stars","-","+2.5","50% (7/14)"
"281",11,"Harold Fannin Jr.",CLE,"TE34","9","3 out of 5 stars","+6","-","-"
"282",11,"Antonio Gibson",NE,"RB85","14","4 out of 5 stars","+12","-0.9","31% (5/16)"
"283",11,"Tre Tucker",LV,"WR100","8","4 out of 5 stars","+45","0.0","31% (5/16)"
"284",11,"Jaxson Dart",NYG,"QB33","14","1 out of 5 stars","-35","-","-"
"285",11,"Isaiah Davis",NYJ,"RB86","9","5 out of 5 stars","+87","+0.8","50% (4/8)"
"286",11,"Tyler Shough",NO,"QB34","11","5 out of 5 stars","-29","-","-"
"287",11,"Darren Waller",MIA,"TE35","12","3 out of 5 stars","-85","-","-"
"288",11,"Chicago Bears",CHI,"DST18","5","2 out of 5 stars","-47","+0.7","43% (7/16)"
"289",11,"Audric Estime",DEN,"RB87","12","2 out of 5 stars","+63","-0.5","41% (5/12)"
"290",11,"Cleveland Browns",CLE,"DST19","9","3 out of 5 stars","-37","-2.1","31% (5/16)"
"291",11,"Jordan James",SF,"RB88","14","3 out of 5 stars","+12","-","-"
"292",11,"Jalen Nailor",MIN,"WR101","6","2 out of 5 stars","+56","+0.9","43% (7/16)"
"293",11,"Khalil Herbert",IND,"RB89","11","2 out of 5 stars","-","-1.7","15% (2/13)"
"294",11,"Parker Washington",JAC,"WR102","8","4 out of 5 stars","+81","+0.7","40% (6/15)"
"295",11,"Daniel Carlson",LV,"K16","8","3 out of 5 stars","-75","+1.5","56% (9/16)"
"296",11,"Terrance Ferguson",LAR,"TE36","8","4 out of 5 stars","-10","-","-"
"297",11,"Kimani Vidal",LAC,"RB90","12","2 out of 5 stars","+74","-1.6","11% (1/9)"
"298",11,"Tim Patrick",DET,"WR103","8","3 out of 5 stars","-","+0.7","53% (8/15)"
"299",11,"Emanuel Wilson",GB,"RB91","5","4 out of 5 stars","+60","+1.0","43% (7/16)"
"300",11,"Tyler Loop",BAL,"K17","7","2 out of 5 stars","-100","-","-"
"301",11,"Damien Martinez",SEA,"RB92","8","3 out of 5 stars","+72","-","-"
"302",11,"Will Reichard",MIN,"K18","6","0 out of 5 stars","-69","+2.6","66% (8/12)"
"303",11,"Sincere McCormick",LV,"RB93","8","2 out of 5 stars","-","-0.7","75% (3/4)"
"304",11,"Luke McCaffrey",WAS,"WR104","12","3 out of 5 stars","-","-1.8","25% (4/16)"
"305",11,"Chris Brooks",GB,"RB94","5","4 out of 5 stars","-","+0.7","40% (4/10)"
"306",11,"Taysom Hill",NO,"TE37","11","3 out of 5 stars","-1","+4.6","50% (4/8)"
"307",11,"Christian Watson",GB,"WR105","5","2 out of 5 stars","+36","-1.8","28% (4/14)"
"308",12,"Xavier Restrepo",TEN,"WR106","10","4 out of 5 stars","+21","-","-"
"309",12,"Ray-Ray McCloud III",ATL,"WR107","5","3 out of 5 stars","-19","-","-"
"310",12,"Ty Chandler",MIN,"RB95","6","3 out of 5 stars","-","-1.5","25% (4/16)"
"311",12,"Phil Mafah",DAL,"RB96","10","2 out of 5 stars","+65","-","-"
"312",12,"Jermaine Burton",CIN,"WR108","10","3 out of 5 stars","+57","-0.4","16% (2/12)"
"313",12,"Noah Fant",CIN,"TE38","10","2 out of 5 stars","+44","-0.4","38% (5/13)"
"314",12,"New England Patriots",NE,"DST20","14","4 out of 5 stars","-79","-1.3","25% (4/16)"
"315",12,"Raheim Sanders",LAC,"RB97","12","2 out of 5 stars","-","-","-"
"316",12,"Tyler Higbee",LAR,"TE39","8","4 out of 5 stars","-25","-","-"
"317",12,"Oronde Gadsden II",LAC,"TE40","12","3 out of 5 stars","+18","-","-"
"318",12,"Arizona Cardinals",ARI,"DST21","8","4 out of 5 stars","-71","-1.3","37% (6/16)"
"319",12,"Troy Franklin",DEN,"WR109","12","3 out of 5 stars","-60","-","-"
"320",12,"Zamir White",LV,"RB98","8","2 out of 5 stars","-","-4.3","12% (1/8)"
"321",12,"Tutu Atwell",LAR,"WR110","8","3 out of 5 stars","+34","-","-"
"322",12,"Amari Cooper",FA,"WR111","-","-","-34","-2.3","28% (4/14)"
"323",12,"Samaje Perine",CIN,"RB99","10","4 out of 5 stars","-7","-","-"
"324",12,"Shedeur Sanders",CLE,"QB35","9","2 out of 5 stars","-130","-","-"
"325",12,"Tez Johnson",TB,"WR112","9","3 out of 5 stars","-","-","-"
"326",12,"Ben Sinnott",WAS,"TE41","12","3 out of 5 stars","+23","-0.4","21% (3/14)"
"327",12,"Will Dissly",LAC,"TE42","12","3 out of 5 stars","-","-0.1","42% (6/14)"
"328",12,"Josh Reynolds",NYJ,"WR113","9","4 out of 5 stars","-","-","-"
"329",12,"A.J. Dillon",PHI,"RB100","9","3 out of 5 stars","-37","-","-"
"330",12,"Tyler Conklin",LAC,"TE43","12","3 out of 5 stars","-33","-","-"
"331",12,"Spencer Rattler",NO,"QB36","11","5 out of 5 stars","-46","-","-"
"332",12,"Miami Dolphins",MIA,"DST22","12","2 out of 5 stars","-103","-1.9","31% (5/16)"
"333",12,"Jason Myers",SEA,"K19","8","5 out of 5 stars","-","+0.7","56% (9/16)"
"334",12,"Jordan Whittington",LAR,"WR114","8","3 out of 5 stars","+11","-","-"
"335",12,"Noah Brown",WAS,"WR115","12","3 out of 5 stars","-14","-","-"
"336",12,"KaVontae Turpin",DAL,"WR116","10","2 out of 5 stars","-","-","-"
"337",12,"Zack Moss",FA,"RB101","-","-","-41","-1.9","37% (3/8)"
"338",12,"AJ Barner",SEA,"TE44","8","4 out of 5 stars","-","-","-"
"339",12,"Gabe Davis",FA,"WR117","-","-","-","-3.3","10% (1/10)"
"340",12,"Jalen Milroe",SEA,"QB37","8","4 out of 5 stars","-45","-","-"
"341",12,"Michael Mayer",LV,"TE45","8","2 out of 5 stars","-","-","-"
"342",12,"Cam Akers",NO,"RB102","11","4 out of 5 stars","-25","+0.6","43% (7/16)"
"343",12,"Demarcus Robinson",SF,"WR118","14","4 out of 5 stars","+3","-0.3","31% (5/16)"
"344",12,"Dawson Knox",BUF,"TE46","7","3 out of 5 stars","-","-","-"
"345",12,"KeAndre Lambert-Smith",LAC,"WR119","12","3 out of 5 stars","-26","-","-"
"346",12,"Marquez Valdes-Scantling",SEA,"WR120","8","3 out of 5 stars","+16","-","-"
"347",12,"Tai Felton",MIN,"WR121","6","2 out of 5 stars","+18","-","-"
"348",12,"Jaylin Lane",WAS,"WR122","12","3 out of 5 stars","+22","-","-"
"349",12,"New York Giants",NYG,"DST23","14","1 out of 5 stars","-140","-2.4","25% (4/16)"
"350",12,"Brandon McManus",GB,"K20","5","3 out of 5 stars","-116","+0.7","50% (5/10)"
"351",12,"Cam Little",JAC,"K21","8","5 out of 5 stars","-163","+0.1","43% (7/16)"
"352",12,"John Metchie III",PHI,"WR123","9","3 out of 5 stars","-","+0.5","33% (4/12)"
"353",12,"Isaiah Bond",CLE,"WR124","9","2 out of 5 stars","-16","-","-"
"354",12,"Olamide Zaccheaus",CHI,"WR125","5","2 out of 5 stars","-56","-","-"
"355",12,"Luke Musgrave",GB,"TE47","5","2 out of 5 stars","-","-","-"
"356",12,"Kirk Cousins",ATL,"QB38","5","4 out of 5 stars","-67","-1.8","18% (3/16)"
"357",13,"Jake Moody",SF,"K22","14","5 out of 5 stars","-101","+0.5","38% (5/13)"
"358",13,"Chimere Dike",TEN,"WR126","10","4 out of 5 stars","-","-","-"
"359",13,"Emari Demercado",ARI,"RB103","8","3 out of 5 stars","-","-","-"
"360",13,"Austin Hooper",NE,"TE48","14","3 out of 5 stars","-","-","-"
"361",13,"Savion Williams",GB,"WR127","5","2 out of 5 stars","-","-","-"
"362",13,"Gunnar Helm",TEN,"TE49","10","3 out of 5 stars","-","-","-"
"363",13,"Kalel Mullings",TEN,"RB104","10","2 out of 5 stars","-","-","-"
"364",13,"Washington Commanders",WAS,"DST24","12","4 out of 5 stars","-161","-3.1","12% (2/16)"
"365",13,"Curtis Samuel",BUF,"WR128","7","3 out of 5 stars","-","-","-"
"366",13,"Justin Tucker",FA,"K23","-","-","-","+0.4","50% (8/16)"
"367",13,"LeQuint Allen Jr.",JAC,"RB105","8","2 out of 5 stars","0","-","-"
"368",13,"Jameis Winston",NYG,"QB39","14","1 out of 5 stars","+6","+2.9","60% (6/10)"
"369",13,"Allen Lazard",NYJ,"WR129","9","4 out of 5 stars","-","-","-"
"370",13,"Zay Jones",ARI,"WR130","8","4 out of 5 stars","-","-","-"
"371",13,"Greg Dortch",ARI,"WR131","8","4 out of 5 stars","-","-","-"
"372",13,"Mack Hollins",NE,"WR132","14","3 out of 5 stars","-","-","-"
"373",13,"Gus Edwards",FA,"RB106","-","-","-","-1.5","36% (4/11)"
"374",13,"Jahan Dotson",PHI,"WR133","9","3 out of 5 stars","-","-","-"
"375",13,"Donovan Edwards",NYJ,"RB107","9","5 out of 5 stars","-","-","-"
"376",13,"Foster Moreau",NO,"TE50","11","3 out of 5 stars","-","-","-"
"377",13,"Cade Stover",HOU,"TE51","6","3 out of 5 stars","-","-","-"
"378",13,"Tommy Tremble",CAR,"TE52","14","4 out of 5 stars","-","-","-"
"379",13,"Van Jefferson",TEN,"WR134","10","4 out of 5 stars","-","-","-"
"380",13,"Luke Schoonmaker",DAL,"TE53","10","2 out of 5 stars","-","-","-"
"381",13,"Josh Oliver",MIN,"TE54","6","3 out of 5 stars","-","-","-"
"382",13,"Hunter Renfrow",CAR,"WR135","14","4 out of 5 stars","-","-","-"
"383",13,"Jacob Cowing",SF,"WR136","14","4 out of 5 stars","-","-","-"
"384",13,"Jimmy Garoppolo",LAR,"QB40","8","3 out of 5 stars","-82","-","-"
"385",13,"Trey Sermon",PIT,"RB108","5","4 out of 5 stars","-43","-0.6","37% (6/16)"
"386",13,"Craig Reynolds",DET,"RB109","8","2 out of 5 stars","-","-","-"
"387",13,"Kyle Juszczyk",SF,"RB110","14","3 out of 5 stars","-","-","-"
"388",13,"Dillon Gabriel",CLE,"QB41","9","2 out of 5 stars","-","-","-"
"389",13,"Atlanta Falcons",ATL,"DST25","5","3 out of 5 stars","-","-2.5","18% (3/16)"
"390",13,"Tyrod Taylor",NYJ,"QB42","9","5 out of 5 stars","-","-","-"
"391",13,"Kenny Pickett",CLE,"QB43","9","2 out of 5 stars","-","-","-"
"392",13,"Indianapolis Colts",IND,"DST26","11","4 out of 5 stars","-65","-3.6","18% (3/16)"
"393",13,"JuJu Smith-Schuster",KC,"WR137","10","3 out of 5 stars","-","-","-"
"394",13,"Grant Calcaterra",PHI,"TE55","9","3 out of 5 stars","-","-","-"
"395",13,"Robert Woods",PIT,"WR138","5","4 out of 5 stars","-","-","-"
"396",13,"Pierre Strong Jr.",CLE,"RB111","9","4 out of 5 stars","-","-","-"
"397",13,"Cincinnati Bengals",CIN,"DST27","10","2 out of 5 stars","-137","-4.0","25% (4/16)"
"398",13,"Jeremy McNichols",WAS,"RB112","12","2 out of 5 stars","-","-","-"
"399",13,"Jeremy Ruckert",NYJ,"TE56","9","3 out of 5 stars","-","-","-"
"400",13,"Chad Ryland",ARI,"K24","8","3 out of 5 stars","-","-","-"
"401",13,"Arian Smith",NYJ,"WR139","9","4 out of 5 stars","-","-","-"
"402",13,"Stone Smartt",NYJ,"TE57","9","3 out of 5 stars","-","-","-"
"403",13,"Efton Chism III",NE,"WR140","14","3 out of 5 stars","-64","-","-"
"404",13,"Jamari Thrash",CLE,"WR141","9","2 out of 5 stars","-","-","-"
"405",13,"Mason Rudolph",PIT,"QB44","5","4 out of 5 stars","-","-","-"
"406",13,"Eddy Pineiro",FA,"K25","-","-","-","-0.7","31% (5/16)"
"407",13,"Mitchell Evans",CAR,"TE58","14","4 out of 5 stars","-","-","-"
"408",13,"Devontez Walker",BAL,"WR142","7","3 out of 5 stars","-","-","-"
"409",13,"Clyde Edwards-Helaire",NO,"RB113","11","4 out of 5 stars","-","-","-"
"410",13,"Kendrick Bourne",NE,"WR143","14","3 out of 5 stars","-","-","-"
"411",13,"Antwane Wells Jr.",NYG,"WR144","14","2 out of 5 stars","-","-","-"
"412",13,"Tank Dell",HOU,"WR145","6","4 out of 5 stars","-","-2.0","28% (4/14)"
"413",13,"Elijah Higgins",ARI,"TE59","8","5 out of 5 stars","-","-","-"
"414",13,"Theo Wease Jr.",MIA,"WR146","12","3 out of 5 stars","-","-","-"
"415",13,"Tyler Goodson",IND,"RB114","11","2 out of 5 stars","-","-","-"
"416",13,"Jordan Watkins",SF,"WR147","14","4 out of 5 stars","-","-","-"
"417",13,"Greg Dulcich",NYG,"TE60","14","2 out of 5 stars","-","-","-"
"418",13,"Joe Milton III",DAL,"QB45","10","2 out of 5 stars","-","-","-"
"419",13,"Malik Willis",GB,"QB46","5","2 out of 5 stars","-","-","-"
"420",13,"Darnell Washington",PIT,"TE61","5","3 out of 5 stars","-","-","-"
"421",13,"Jacksonville Jaguars",JAC,"DST28","8","4 out of 5 stars","-85","-2.4","25% (4/16)"
"422",13,"Ja'Quinden Jackson",JAC,"RB115","8","2 out of 5 stars","-","-","-"
"423",13,"Jalin Hyatt",NYG,"WR148","14","2 out of 5 stars","-","-","-"
"424",13,"Las Vegas Raiders",LV,"DST29","8","4 out of 5 stars","-94","-2.0","31% (5/16)"
"425",13,"Dare Ogunbowale",HOU,"RB116","6","2 out of 5 stars","-","-","-"
"426",13,"Matt Prater",FA,"K26","-","-","-","+1.3","75% (3/4)"
"427",13,"Marcus Mariota",WAS,"QB47","12","2 out of 5 stars","-","-","-"
"428",13,"KhaDarel Hodge",ATL,"WR149","5","3 out of 5 stars","-","-","-"
"429",13,"Blake Grupe",NO,"K27","11","5 out of 5 stars","-","+0.1","50% (8/16)"
"430",13,"Carson Steele",KC,"RB117","10","2 out of 5 stars","-","-","-"
"431",13,"Jonathan Mingo",DAL,"WR150","10","2 out of 5 stars","-","-","-"
"432",13,"Jonathon Brooks",CAR,"RB118","14","3 out of 5 stars","-","-2.8","33% (1/3)"
"433",13,"Tyler Johnson",NYJ,"WR151","9","4 out of 5 stars","-","-","-"
"434",14,"Tennessee Titans",TEN,"DST30","10","5 out of 5 stars","-152","-3.4","25% (4/16)"
"435",14,"New Orleans Saints",NO,"DST31","11","4 out of 5 stars","-97","-1.1","37% (6/16)"
"436",14,"Sam Howell",PHI,"QB48","9","3 out of 5 stars","-","-","-"
"437",14,"Aidan O'Connell",LV,"QB49","8","3 out of 5 stars","-","-1.7","28% (2/7)"
"438",14,"Cairo Santos",CHI,"K28","5","1 out of 5 stars","-","-0.8","31% (5/16)"
"439",14,"Alec Ingold",MIA,"RB119","12","4 out of 5 stars","-","-","-"
"440",14,"Julius Chestnut",TEN,"RB120","10","2 out of 5 stars","-","-","-"
"441",14,"Malachi Corley",NYJ,"WR152","9","4 out of 5 stars","-","-","-"
"442",14,"Xavier Hutchinson",HOU,"WR153","6","4 out of 5 stars","-","-","-"
"443",14,"Carolina Panthers",CAR,"DST32","14","3 out of 5 stars","-","-4.1","6% (1/16)"
"444",14,"Jimmy Horn Jr.",CAR,"WR154","14","4 out of 5 stars","-","-","-"
"445",14,"Tyquan Thornton",KC,"WR155","10","3 out of 5 stars","-","-","-"
"446",14,"Spencer Shrader",IND,"K29","11","5 out of 5 stars","-","-","-"
"447",14,"Kalif Raymond",DET,"WR156","8","3 out of 5 stars","-","-","-"
"448",14,"D'Ernest Johnson",BAL,"RB121","7","4 out of 5 stars","-","-0.2","50% (6/12)"
"449",14,"Jake Browning",CIN,"QB50","10","2 out of 5 stars","-","-","-"
"450",14,"Jake Bobo",SEA,"WR157","8","3 out of 5 stars","-","-","-"
"451",14,"Zach Wilson",MIA,"QB51","12","5 out of 5 stars","-","-","-"
"452",14,"Graham Gano",NYG,"K30","14","0 out of 5 stars","-","-1.3","33% (3/9)"
"453",14,"Cooper Rush",BAL,"QB52","7","3 out of 5 stars","-","-","-"
"454",14,"George Holani",SEA,"RB122","8","3 out of 5 stars","-","-","-"
"455",14,"Colby Parkinson",LAR,"TE62","8","4 out of 5 stars","-","-","-"
"456",14,"Daniel Bellinger",NYG,"TE63","14","2 out of 5 stars","-","-","-"
"457",14,"Jacoby Brissett",ARI,"QB53","8","4 out of 5 stars","-","-","-"
"458",14,"Gardner Minshew II",KC,"QB54","10","3 out of 5 stars","-","-","-"
"459",14,"Josh Whyle",TEN,"TE64","10","3 out of 5 stars","-","-","-"
"460",14,"Deshaun Watson",CLE,"QB55","9","2 out of 5 stars","-","-","-"
"461",14,"Lucky Jackson",MIN,"WR158","6","2 out of 5 stars","-","-","-"
"462",14,"Michael Gallup",WAS,"WR159","12","3 out of 5 stars","-","-","-"
"463",14,"Johnny Mundt",JAC,"TE65","8","3 out of 5 stars","-","-","-"
"464",14,"Skyy Moore",SF,"WR160","14","4 out of 5 stars","-","-","-"
"465",14,"Cordarrelle Patterson",FA,"RB123","-","-","-","-","-"
"466",14,"Javon Baker",NE,"WR161","14","3 out of 5 stars","-","-","-"
"467",14,"Tanner Hudson",CIN,"TE66","10","2 out of 5 stars","-","-","-"
"468",14,"Tanner McKee",PHI,"QB56","9","3 out of 5 stars","-134","-","-"
"469",14,"Andrew Beck",NYJ,"TE67","9","3 out of 5 stars","-","-","-"
"470",14,"Deuce Vaughn",DAL,"RB124","10","2 out of 5 stars","-","-","-"
"471",14,"Carlos Washington Jr.",ATL,"RB125","5","4 out of 5 stars","-","-","-"
"472",14,"Jake Haener",NO,"QB57","11","5 out of 5 stars","-","-","-"
"473",14,"Adam Trautman",DEN,"TE68","12","3 out of 5 stars","-","-","-"
"474",14,"Charlie Woerner",ATL,"TE69","5","3 out of 5 stars","-","-","-"
"475",14,"Tyson Bagent",CHI,"QB58","5","2 out of 5 stars","-","-","-"
"476",14,"Thomas Fidone II",NYG,"TE70","14","2 out of 5 stars","-","-","-"
"477",14,"Michael Carter",ARI,"RB126","8","3 out of 5 stars","-","-","-"
"478",14,"Marcus Yarns",NO,"RB127","11","4 out of 5 stars","-","-","-"
"479",14,"Andy Dalton",CAR,"QB59","14","3 out of 5 stars","-","-","-"
"480",14,"Sione Vaki",DET,"RB128","8","2 out of 5 stars","-","-","-"
"481",14,"John Bates",WAS,"TE71","12","3 out of 5 stars","-","-","-"
"482",14,"Quinn Ewers",MIA,"QB60","12","5 out of 5 stars","-","-","-"
"483",14,"Julian Hill",MIA,"TE72","12","3 out of 5 stars","-","-","-"
"484",14,"Sterling Shepard",TB,"WR162","9","3 out of 5 stars","-","-","-"
"485",14,"Matthew Wright",CAR,"K31","14","2 out of 5 stars","-","-","-"
"486",14,"Jeff Wilson Jr.",SF,"RB129","14","3 out of 5 stars","-","-","-"
"487",14,"K.J. Osborn",WAS,"WR163","12","3 out of 5 stars","-","-","-"
"488",14,"David Moore",CAR,"WR164","14","4 out of 5 stars","-","-","-"
"489",14,"Andy Borregales",NE,"K32","14","4 out of 5 stars","-","-","-"
"490",14,"Mitchell Tinsley",CIN,"WR165","10","3 out of 5 stars","-149","-","-"
"491",14,"Dylan Laube",LV,"RB130","8","2 out of 5 stars","-","-","-"
"492",14,"Nick Mullens",JAC,"QB61","8","3 out of 5 stars","-","-","-"
"493",14,"Payne Durham",TB,"TE73","9","3 out of 5 stars","-","-","-"
"494",14,"Harrison Bryant",HOU,"TE74","6","3 out of 5 stars","-","-","-"
"495",14,"Chris Tyree",NO,"RB131","11","4 out of 5 stars","-","-","-"
"496",14,"Tyler Badie",DEN,"RB132","12","2 out of 5 stars","-","-","-"
"497",14,"Hassan Haskins",LAC,"RB133","12","2 out of 5 stars","-","-","-"
"498",14,"Davis Mills",HOU,"QB62","6","3 out of 5 stars","-","-","-"
"499",14,"Rasheen Ali",BAL,"RB134","7","4 out of 5 stars","-","-","-"
"500",14,"Derius Davis",LAC,"WR166","12","3 out of 5 stars","-","-","-"
"501",14,"Casey Washington",ATL,"WR167","5","3 out of 5 stars","-","-","-"
"502",14,"Brock Wright",DET,"TE75","8","3 out of 5 stars","-","-","-"
"503",14,"Joey Slye",TEN,"K33","10","3 out of 5 stars","-","-","-"
"504",14,"Kylen Granson",PHI,"TE76","9","3 out of 5 stars","-","-","-"
"505",14,"David Bell",CLE,"WR168","9","2 out of 5 stars","-","-","-"
"506",14,"Jarrett Stidham",DEN,"QB63","12","4 out of 5 stars","-","-","-"
"507",14,"Tylan Wallace",BAL,"WR169","7","3 out of 5 stars","-","-","-"
"508",14,"Luke Farrell",SF,"TE77","14","3 out of 5 stars","-","-","-"
"509",14,"Joshua Dobbs",NE,"QB64","14","5 out of 5 stars","-","-","-"
"510",14,"C.J. Ham",MIN,"RB135","6","3 out of 5 stars","-","-","-"
"511",14,"Trent Sherfield Sr.",DEN,"WR170","12","3 out of 5 stars","-","-","-"
"512",14,"Simi Fehoko",ARI,"WR171","8","4 out of 5 stars","-","-","-"
"513",14,"Will Howard",PIT,"QB65","5","4 out of 5 stars","-","-","-"
"514",14,"Michael Burton",DEN,"RB136","12","2 out of 5 stars","-","-","-"
"515",14,"Drew Lock",SEA,"QB66","8","4 out of 5 stars","-","-","-"
"516",14,"Hunter Long",JAC,"TE78","8","3 out of 5 stars","-","-","-"
"517",14,"Trey Lance",LAC,"QB67","12","3 out of 5 stars","-","-","-"
"518",14,"Patrick Ricard",BAL,"RB137","7","4 out of 5 stars","-","-","-"
"519",14,"Scotty Miller",PIT,"WR172","5","4 out of 5 stars","-","-","-"
"520",14,"Jase McClellan",TB,"RB138","9","3 out of 5 stars","-","-","-"
"521",14,"Drew Sample",CIN,"TE79","10","2 out of 5 stars","-","-","-"
"522",14,"Luke Lachey",HOU,"TE80","6","3 out of 5 stars","-","-","-"
"523",14,"Ezekiel Elliott",FA,"RB139","-","-","-","-","-"
"524",14,"Ian Thomas",LV,"TE81","8","2 out of 5 stars","-","-","-"
"525",14,"Kyle Trask",TB,"QB68","9","2 out of 5 stars","-","-","-"
"526",15,"DeeJay Dallas",ARI,"RB140","8","3 out of 5 stars","-","-","-"
"527",15,"Corey Kiner",SF,"RB141","14","3 out of 5 stars","-","-","-"
"528",15,"Hunter Luepke",DAL,"RB142","10","2 out of 5 stars","-","-","-"
"529",15,"Nick Nash",ATL,"WR173","5","3 out of 5 stars","-","-","-"
"530",15,"Cedrick Wilson Jr.",NO,"WR174","11","4 out of 5 stars","-","-","-"
"531",15,"Bub Means",NO,"WR175","11","4 out of 5 stars","-","-","-"
"532",15,"Konata Mumpfield",LAR,"WR176","8","3 out of 5 stars","-","-","-"
"533",15,"Tommy Mellott",LV,"QB69","8","3 out of 5 stars","-","-","-"
"534",15,"Russell Gage Jr.",SF,"WR177","14","4 out of 5 stars","-","-","-"
"535",15,"Eric Gray",NYG,"RB143","14","3 out of 5 stars","-","-","-"
"536",15,"DJ Chark Jr.",FA,"WR178","-","-","-","-","-"
"537",15,"Mitchell Trubisky",BUF,"QB70","7","4 out of 5 stars","-","-","-"
"538",15,"Eric Saubert",SEA,"TE82","8","4 out of 5 stars","-","-","-"
"539",15,"Hendon Hooker",DET,"QB71","8","2 out of 5 stars","-","-","-"
"540",15,"Charlie Kolar",BAL,"TE83","7","3 out of 5 stars","-","-","-"
"541",15,"DeAndre Carter",CLE,"WR179","9","2 out of 5 stars","-","-","-"
"542",15,"Ainias Smith",PHI,"WR180","9","3 out of 5 stars","-","-","-"
"543",15,"Mac Jones",SF,"QB72","14","4 out of 5 stars","-","-","-"
"544",15,"Velus Jones Jr.",NO,"WR181","11","4 out of 5 stars","-","-","-"
"545",15,"Robbie Ouzts",SEA,"TE84","8","4 out of 5 stars","-","-","-"
"546",15,"Mo Alie-Cox",IND,"TE85","11","3 out of 5 stars","-","-","-"
"547",15,"Dalvin Cook",FA,"RB144","-","-","-","-","-"
"548",15,"Charlie Jones",CIN,"WR182","10","3 out of 5 stars","-","-","-"
"549",15,"John Stephens Jr.",DAL,"WR183","10","2 out of 5 stars","-","-","-"
"550",15,"Ben Skowronek",PIT,"WR184","5","4 out of 5 stars","-","-","-"
"551",15,"Ricky White III",SEA,"WR185","8","3 out of 5 stars","-","-","-"
"552",15,"Pharaoh Brown",MIA,"TE86","12","3 out of 5 stars","-","-","-"
"553",15,"Taylor Heinicke",LAC,"QB73","12","3 out of 5 stars","-","-","-"
"554",15,"Jalen Brooks",DAL,"WR186","10","2 out of 5 stars","-","-","-"
"555",15,"Ross Dwelley",FA,"TE87","-","-","-","-","-"
"556",15,"Travis Homer",CHI,"RB145","5","3 out of 5 stars","-","-","-"
"557",15,"Ronnie Rivers",LAR,"RB146","8","3 out of 5 stars","-","-","-"
"558",15,"Lucas Krull",DEN,"TE88","12","3 out of 5 stars","-","-","-"
"559",15,"Michael Bennett",FA,"WR187","-","-","-","-","-"
"560",15,"Brevyn Spann-Ford",DAL,"TE89","10","2 out of 5 stars","-","-","-"
"561",15,"Robert Tonyan",KC,"TE90","10","3 out of 5 stars","-","-","-"
"562",15,"Durham Smythe",CHI,"TE91","5","4 out of 5 stars","-","-","-"
"563",15,"Michael Wiley",KC,"RB147","10","2 out of 5 stars","-","-","-"
"564",15,"Terrace Marshall Jr.",PHI,"WR188","9","3 out of 5 stars","-","-","-"
"565",15,"Jackson Hawes",BUF,"TE92","7","3 out of 5 stars","-","-","-"
"566",15,"Frank Gore Jr.",BUF,"RB148","7","4 out of 5 stars","-","-","-"
"567",15,"Jelani Woods",IND,"TE93","11","3 out of 5 stars","-","-","-"
"568",15,"Jared Wiley",KC,"TE94","10","3 out of 5 stars","-","-","-"
"569",15,"Jakob Johnson",HOU,"RB149","6","2 out of 5 stars","-","-","-"
"570",15,"Cole Turner",WAS,"TE95","12","3 out of 5 stars","-","-","-"
"571",15,"Michael Woods II",FA,"WR189","-","-","-","-","-"
"572",15,"Troy Hairston II",FA,"RB150","-","-","-","-","-"
"573",15,"Teagan Quitoriano",ATL,"TE96","5","3 out of 5 stars","-","-","-"
"574",15,"Keaontay Ingram",KC,"RB151","10","2 out of 5 stars","-","-","-"
"575",16,"Kyle Allen",DET,"QB74","8","2 out of 5 stars","-","-","-"
"576",16,"Israel Abanikanda",GB,"RB152","5","4 out of 5 stars","-","-","-"
"577",16,"Jawhar Jordan",HOU,"RB153","6","2 out of 5 stars","-","-","-"
"578",16,"Tim Jones",MIN,"WR190","6","2 out of 5 stars","-","-","-"
"579",16,"Bo Melton",GB,"WR191","5","2 out of 5 stars","-","-","-"